"","Id","predTest"
"1461",1461,123526.731459188
"1462",1462,156312.17457375
"1463",1463,183476.026557771
"1464",1464,181677.670063988
"1465",1465,191290.349601219
"1466",1466,182554.503311015
"1467",1467,173735.640635452
"1468",1468,177223.672711738
"1469",1469,180457.626258918
"1470",1470,127536.103018444
"1471",1471,176020.192056634
"1472",1472,95267.3302383733
"1473",1473,97528.8800965474
"1474",1474,150025.061988394
"1475",1475,150389.581197783
"1476",1476,364345.778521802
"1477",1477,258602.106720009
"1478",1478,314134.135832457
"1479",1479,270165.798471441
"1480",1480,487294.830040672
"1481",1481,314212.868476379
"1482",1482,207316.983855426
"1483",1483,171773.325725985
"1484",1484,173847.624512868
"1485",1485,172607.38911931
"1486",1486,198500.554910487
"1487",1487,317682.513491447
"1488",1488,230817.31570153
"1489",1489,209665.37602971
"1490",1490,194184.660866497
"1491",1491,190893.532348736
"1492",1492,103865.177524188
"1493",1493,165315.421611326
"1494",1494,299247.798694592
"1495",1495,296204.876299972
"1496",1496,231272.314998233
"1497",1497,183897.955853586
"1498",1498,153747.354541112
"1499",1499,152619.801284324
"1500",1500,164794.036538194
"1501",1501,174516.334073544
"1502",1502,165172.010348066
"1503",1503,277448.538806836
"1504",1504,232821.378451328
"1505",1505,224651.207837466
"1506",1506,193455.560355737
"1507",1507,220860.000738574
"1508",1508,193739.715275334
"1509",1509,169284.830445589
"1510",1510,154223.494461118
"1511",1511,153630.041256927
"1512",1512,164874.030475588
"1513",1513,147181.639733419
"1514",1514,146499.455815192
"1515",1515,161300.509392156
"1516",1516,147204.556224712
"1517",1517,150086.124406303
"1518",1518,130452.475059283
"1519",1519,204027.017938954
"1520",1520,139594.425727453
"1521",1521,146003.212124508
"1522",1522,158920.634820092
"1523",1523,125706.147315219
"1524",1524,125588.260464164
"1525",1525,122801.760109838
"1526",1526,128314.945124095
"1527",1527,111098.373238668
"1528",1528,132352.781045066
"1529",1529,146049.747479005
"1530",1530,162968.682377518
"1531",1531,121037.073922896
"1532",1532,104832.92196132
"1533",1533,140473.260911751
"1534",1534,118400.172175503
"1535",1535,144911.196138684
"1536",1536,117252.126148199
"1537",1537,74140.8925970305
"1538",1538,163926.092065196
"1539",1539,193552.260950229
"1540",1540,109037.29052229
"1541",1541,140780.537293105
"1542",1542,144094.658512228
"1543",1543,193082.40972221
"1544",1544,82509.1324289208
"1545",1545,104952.361938037
"1546",1546,120386.559783982
"1547",1547,134605.316591435
"1548",1548,134019.901161343
"1549",1549,106256.579052092
"1550",1550,139339.157865877
"1551",1551,112617.984292823
"1552",1552,126193.201646127
"1553",1553,138800.122800594
"1554",1554,113019.565611029
"1555",1555,192274.856162229
"1556",1556,126401.312416841
"1557",1557,130546.979842258
"1558",1558,99946.0805364994
"1559",1559,122433.039082033
"1560",1560,147607.170103425
"1561",1561,141142.07744726
"1562",1562,127571.701381002
"1563",1563,124856.54742412
"1564",1564,154297.889029851
"1565",1565,155402.37687799
"1566",1566,226773.517960131
"1567",1567,89327.394008653
"1568",1568,222401.323408004
"1569",1569,133741.673169742
"1570",1570,123380.85267364
"1571",1571,125261.160700252
"1572",1572,145487.733992304
"1573",1573,206223.412994184
"1574",1574,116197.813700247
"1575",1575,201801.351902836
"1576",1576,203453.977851595
"1577",1577,204038.146842887
"1578",1578,145448.724565375
"1579",1579,140763.246188906
"1580",1580,192541.743951781
"1581",1581,142248.748737189
"1582",1582,129913.108736471
"1583",1583,304595.693692385
"1584",1584,235674.756525629
"1585",1585,140237.176343664
"1586",1586,68924.1350355567
"1587",1587,100456.236414132
"1588",1588,143669.123006833
"1589",1589,100488.672512643
"1590",1590,125147.083992656
"1591",1591,107221.298270561
"1592",1592,127104.157386691
"1593",1593,117627.66891679
"1594",1594,135774.438088119
"1595",1595,124739.302992283
"1596",1596,249648.35031251
"1597",1597,176160.134165164
"1598",1598,181282.3922891
"1599",1599,184350.453269135
"1600",1600,180870.632750555
"1601",1601,70707.2638865432
"1602",1602,101839.692388017
"1603",1603,86189.7010045904
"1604",1604,283903.001541431
"1605",1605,238127.161443025
"1606",1606,166989.311362893
"1607",1607,144231.377350597
"1608",1608,213035.695447368
"1609",1609,197848.617592949
"1610",1610,165551.361960024
"1611",1611,148551.732782591
"1612",1612,160343.023267929
"1613",1613,151743.642632014
"1614",1614,122882.154959324
"1615",1615,86766.9257348789
"1616",1616,81884.6917670899
"1617",1617,88033.027814457
"1618",1618,128297.115370143
"1619",1619,125282.691584017
"1620",1620,147375.746182876
"1621",1621,146283.732430952
"1622",1622,149627.299855182
"1623",1623,250971.394449658
"1624",1624,191995.988084387
"1625",1625,118502.687221717
"1626",1626,164824.053283801
"1627",1627,186987.141621036
"1628",1628,266207.081562026
"1629",1629,174066.688021922
"1630",1630,319679.303008385
"1631",1631,216482.924579685
"1632",1632,249994.951165053
"1633",1633,173838.005941621
"1634",1634,182966.010018094
"1635",1635,179502.150441345
"1636",1636,164638.710410511
"1637",1637,190767.907380269
"1638",1638,209040.690684402
"1639",1639,183789.831256
"1640",1640,236853.99965445
"1641",1641,197563.568132465
"1642",1642,231715.312054112
"1643",1643,228399.4312801
"1644",1644,225422.528393793
"1645",1645,192818.436439094
"1646",1646,160514.836398063
"1647",1647,153462.605528893
"1648",1648,145329.152664059
"1649",1649,139752.848975247
"1650",1650,125855.329267098
"1651",1651,125621.828691732
"1652",1652,93656.4749923932
"1653",1653,97058.0962391789
"1654",1654,152485.7583524
"1655",1655,156157.23670644
"1656",1656,148653.234129009
"1657",1657,150780.31167901
"1658",1658,150779.42163837
"1659",1659,150443.54687134
"1660",1660,143722.645923483
"1661",1661,451500.185243459
"1662",1662,376668.071064965
"1663",1663,376863.908029816
"1664",1664,464647.894227692
"1665",1665,322013.874378349
"1666",1666,338331.194890843
"1667",1667,342625.582958352
"1668",1668,332148.671485479
"1669",1669,306596.813614186
"1670",1670,346921.127993189
"1671",1671,254650.995059974
"1672",1672,483574.695369634
"1673",1673,301167.112908907
"1674",1674,263365.230076707
"1675",1675,187668.279338093
"1676",1676,191065.099738075
"1677",1677,219083.962060768
"1678",1678,473129.99247502
"1679",1679,390132.772228758
"1680",1680,313626.010366941
"1681",1681,246855.785971883
"1682",1682,313405.026130312
"1683",1683,189457.021080374
"1684",1684,171482.83847404
"1685",1685,173333.297790343
"1686",1686,168672.675580709
"1687",1687,168152.325823944
"1688",1688,186012.269584254
"1689",1689,187272.077602751
"1690",1690,182798.949800299
"1691",1691,176890.48808924
"1692",1692,253953.463224585
"1693",1693,171826.846512468
"1694",1694,185124.071700821
"1695",1695,170765.023682128
"1696",1696,253408.659693132
"1697",1697,171507.953622038
"1698",1698,339224.808183613
"1699",1699,319947.823966319
"1700",1700,251764.334861424
"1701",1701,263030.061654722
"1702",1702,247634.906680554
"1703",1703,248661.584747627
"1704",1704,286261.153141531
"1705",1705,224989.433997275
"1706",1706,405784.288413198
"1707",1707,219872.702212521
"1708",1708,220288.607692462
"1709",1709,269356.175738143
"1710",1710,220572.480551965
"1711",1711,269690.822611784
"1712",1712,242341.381401277
"1713",1713,262538.725552045
"1714",1714,229262.427586894
"1715",1715,204431.759029519
"1716",1716,176371.881848491
"1717",1717,165224.180682375
"1718",1718,136767.769491489
"1719",1719,208877.977231715
"1720",1720,246413.636541404
"1721",1721,168712.251510411
"1722",1722,126412.755333631
"1723",1723,155562.461704726
"1724",1724,200751.102058913
"1725",1725,230055.351754608
"1726",1726,185292.373132489
"1727",1727,166980.363381001
"1728",1728,187034.035657138
"1729",1729,162549.448830875
"1730",1730,145046.203817761
"1731",1731,124847.814624
"1732",1732,129185.926956293
"1733",1733,116119.41764138
"1734",1734,129455.545749114
"1735",1735,130983.91756655
"1736",1736,122011.491929738
"1737",1737,329768.828841941
"1738",1738,213411.851973607
"1739",1739,256053.192718728
"1740",1740,194326.49066744
"1741",1741,182374.700593141
"1742",1742,173966.212486432
"1743",1743,173783.79753105
"1744",1744,301709.518953645
"1745",1745,230801.833406513
"1746",1746,235970.345773776
"1747",1747,216870.233604977
"1748",1748,203313.247124236
"1749",1749,162072.082856411
"1750",1750,157023.636741983
"1751",1751,227799.481692789
"1752",1752,120139.742555809
"1753",1753,146299.682519288
"1754",1754,208907.706730283
"1755",1755,167478.224845715
"1756",1756,125494.014901384
"1757",1757,119477.746293598
"1758",1758,151205.831825678
"1759",1759,158106.573654476
"1760",1760,161636.274257211
"1761",1761,154374.406680708
"1762",1762,172892.798678041
"1763",1763,161831.301862396
"1764",1764,123029.06710991
"1765",1765,158966.479428166
"1766",1766,163940.623801555
"1767",1767,175610.795222138
"1768",1768,141463.900966219
"1769",1769,161383.766340703
"1770",1770,138055.49896691
"1771",1771,143465.915283056
"1772",1772,145783.162389337
"1773",1773,141088.255270727
"1774",1774,131020.514982532
"1775",1775,135164.033274892
"1776",1776,128209.998832901
"1777",1777,119075.197562419
"1778",1778,130911.090603055
"1779",1779,123267.602573835
"1780",1780,174088.889982028
"1781",1781,135874.907415871
"1782",1782,95469.5440520678
"1783",1783,131592.75587494
"1784",1784,95462.7518744852
"1785",1785,109257.950135945
"1786",1786,139226.55391748
"1787",1787,155029.939710699
"1788",1788,62805.7358451216
"1789",1789,92112.2066781158
"1790",1790,79611.0073383454
"1791",1791,156818.045698299
"1792",1792,154270.064049098
"1793",1793,130194.965422833
"1794",1794,141030.650920875
"1795",1795,137485.221580442
"1796",1796,129242.763286988
"1797",1797,123085.20226501
"1798",1798,123470.337612779
"1799",1799,117904.617384365
"1800",1800,137694.81399247
"1801",1801,131275.197354591
"1802",1802,142356.571831785
"1803",1803,148609.856460519
"1804",1804,140052.834481091
"1805",1805,133912.591949979
"1806",1806,115022.850735791
"1807",1807,129809.645022921
"1808",1808,121396.063990328
"1809",1809,121974.564652918
"1810",1810,138036.362238886
"1811",1811,105402.457679127
"1812",1812,113108.078702317
"1813",1813,120474.815304452
"1814",1814,95421.0721591646
"1815",1815,64322.6905211332
"1816",1816,96168.1785229144
"1817",1817,117787.098456318
"1818",1818,124254.189916282
"1819",1819,118081.939253042
"1820",1820,74555.8889746847
"1821",1821,119883.160651829
"1822",1822,139273.285666776
"1823",1823,57733.0591114176
"1824",1824,134773.377036538
"1825",1825,140482.166115001
"1826",1826,106877.497852992
"1827",1827,110745.004480156
"1828",1828,133737.4778061
"1829",1829,109109.17473983
"1830",1830,131573.427591104
"1831",1831,163844.457893775
"1832",1832,109649.520416942
"1833",1833,138571.702371009
"1834",1834,127721.954229582
"1835",1835,154472.745429364
"1836",1836,129707.848795729
"1837",1837,102545.107243841
"1838",1838,128999.693012412
"1839",1839,103625.607785054
"1840",1840,155538.078049214
"1841",1841,141330.594074054
"1842",1842,86896.7791473883
"1843",1843,138891.36057393
"1844",1844,134917.458931778
"1845",1845,144532.415050945
"1846",1846,149214.698196562
"1847",1847,174480.857152681
"1848",1848,78127.6279137307
"1849",1849,121331.074746688
"1850",1850,121995.250822991
"1851",1851,145980.721927321
"1852",1852,120626.409328005
"1853",1853,133893.498930947
"1854",1854,174921.787379213
"1855",1855,154512.701567422
"1856",1856,222139.709441584
"1857",1857,156449.649593791
"1858",1858,140886.084752324
"1859",1859,123753.842599422
"1860",1860,152725.582882144
"1861",1861,122934.208753176
"1862",1862,267645.986194224
"1863",1863,262288.471498326
"1864",1864,262288.471498326
"1865",1865,310443.839646848
"1866",1866,316794.747950831
"1867",1867,240232.159059062
"1868",1868,278244.266306495
"1869",1869,197638.260008569
"1870",1870,239095.059930364
"1871",1871,255819.941431419
"1872",1872,169181.607372603
"1873",1873,223343.647695727
"1874",1874,140703.80630343
"1875",1875,203331.590431095
"1876",1876,198465.683733262
"1877",1877,207057.394415294
"1878",1878,209394.800735256
"1879",1879,133146.279119073
"1880",1880,137223.248632914
"1881",1881,240844.662092578
"1882",1882,250601.705359068
"1883",1883,196840.999465214
"1884",1884,217844.503209762
"1885",1885,243039.652984395
"1886",1886,274825.072615498
"1887",1887,200029.843876506
"1888",1888,270390.507730729
"1889",1889,164141.802520953
"1890",1890,133652.931591777
"1891",1891,139771.46516523
"1892",1892,108755.371288884
"1893",1893,132208.635003232
"1894",1894,125816.84639676
"1895",1895,145567.425437304
"1896",1896,120422.508826438
"1897",1897,125351.804893649
"1898",1898,121089.847904268
"1899",1899,145979.335321321
"1900",1900,158788.827389209
"1901",1901,171746.460989065
"1902",1902,151425.71510942
"1903",1903,232294.350187559
"1904",1904,147104.390285521
"1905",1905,184992.183819069
"1906",1906,161345.172635036
"1907",1907,216552.071704804
"1908",1908,119153.930771202
"1909",1909,137186.802330717
"1910",1910,131539.655556185
"1911",1911,190849.843898182
"1912",1912,285520.006072487
"1913",1913,136508.226815311
"1914",1914,62966.7618492776
"1915",1915,310228.152886949
"1916",1916,70631.69785079
"1917",1917,236784.903084819
"1918",1918,137888.408535503
"1919",1919,161044.692637398
"1920",1920,154140.553895601
"1921",1921,376002.418327341
"1922",1922,316318.590218987
"1923",1923,197589.947468794
"1924",1924,219353.998965831
"1925",1925,222572.533791783
"1926",1926,364225.311697336
"1927",1927,138638.962837906
"1928",1928,158660.695392761
"1929",1929,126109.558685792
"1930",1930,134538.886511141
"1931",1931,140246.964413914
"1932",1932,148390.196945202
"1933",1933,170062.712829301
"1934",1934,180543.385659776
"1935",1935,176520.401288587
"1936",1936,189876.354391322
"1937",1937,177263.299961276
"1938",1938,171272.258507642
"1939",1939,251301.963911918
"1940",1940,191365.740867394
"1941",1941,176487.598221774
"1942",1942,191710.526152956
"1943",1943,195235.012507451
"1944",1944,311412.917618925
"1945",1945,361345.896253759
"1946",1946,172025.585115222
"1947",1947,306112.07718311
"1948",1948,177647.267440701
"1949",1949,223996.882287426
"1950",1950,170155.844750618
"1951",1951,238042.938042061
"1952",1952,204993.288740427
"1953",1953,166566.126537374
"1954",1954,202192.242166511
"1955",1955,153417.010093901
"1956",1956,258936.109928036
"1957",1957,174559.688846672
"1958",1958,288899.075726881
"1959",1959,135087.155470227
"1960",1960,117156.217538528
"1961",1961,120566.840348936
"1962",1962,92200.0179007617
"1963",1963,96772.5049808117
"1964",1964,113291.796683905
"1965",1965,149974.18392964
"1966",1966,154573.783104684
"1967",1967,290622.308834598
"1968",1968,393171.818903685
"1969",1969,384403.684002318
"1970",1970,432881.380714444
"1971",1971,425132.101838959
"1972",1972,352993.903596955
"1973",1973,269768.45162736
"1974",1974,317064.188220201
"1975",1975,455996.660302183
"1976",1976,285144.896874724
"1977",1977,359534.230336406
"1978",1978,360449.604934112
"1979",1979,327938.287855088
"1980",1980,198541.539702159
"1981",1981,336546.88394482
"1982",1982,235725.159650883
"1983",1983,226013.08586484
"1984",1984,169188.099249055
"1985",1985,210985.837656372
"1986",1986,216286.903350532
"1987",1987,180342.677310045
"1988",1988,177963.539107305
"1989",1989,188406.767090204
"1990",1990,218738.580846369
"1991",1991,220955.758882778
"1992",1992,212918.487956399
"1993",1993,174382.691640948
"1994",1994,233750.674666706
"1995",1995,183598.947136078
"1996",1996,253859.582525562
"1997",1997,319139.512377673
"1998",1998,345610.48068211
"1999",1999,257919.309810687
"2000",2000,297229.521765457
"2001",2001,277521.716408261
"2002",2002,246218.652026201
"2003",2003,253271.9926329
"2004",2004,267258.751256504
"2005",2005,222538.474589166
"2006",2006,221370.061441891
"2007",2007,248337.294184677
"2008",2008,211546.607469069
"2009",2009,187901.410256722
"2010",2010,192472.601769495
"2011",2011,142164.352737286
"2012",2012,177596.233660066
"2013",2013,178785.998941895
"2014",2014,186650.027479216
"2015",2015,196376.828911832
"2016",2016,186527.582609292
"2017",2017,201927.749822142
"2018",2018,127060.394586206
"2019",2019,133618.895801014
"2020",2020,120706.555776295
"2021",2021,118955.406853086
"2022",2022,182227.141254737
"2023",2023,143866.438694395
"2024",2024,211287.936573951
"2025",2025,340287.766589882
"2026",2026,186928.250526576
"2027",2027,161723.710639981
"2028",2028,154301.456783048
"2029",2029,176283.164563595
"2030",2030,272172.280212452
"2031",2031,228997.554511072
"2032",2032,242371.388546249
"2033",2033,259936.724764903
"2034",2034,164744.613024839
"2035",2035,213325.725441692
"2036",2036,182285.030852967
"2037",2037,184386.499102369
"2038",2038,276256.975411204
"2039",2039,210849.909908353
"2040",2040,361302.32676012
"2041",2041,264884.882647984
"2042",2042,211255.881342174
"2043",2043,172877.357700637
"2044",2044,181764.162298307
"2045",2045,195341.520362201
"2046",2046,143959.633703194
"2047",2047,150634.285847605
"2048",2048,135506.237517619
"2049",2049,130408.425482703
"2050",2050,164547.415833911
"2051",2051,106564.062013728
"2052",2052,139281.67660873
"2053",2053,142896.008716703
"2054",2054,87054.1095533479
"2055",2055,158342.945165435
"2056",2056,143563.785747641
"2057",2057,129986.920600684
"2058",2058,183111.046038879
"2059",2059,134317.840309355
"2060",2060,161577.04887709
"2061",2061,158982.338749185
"2062",2062,139698.773921517
"2063",2063,116780.802738917
"2064",2064,142156.002641201
"2065",2065,120350.36092039
"2066",2066,158733.339518959
"2067",2067,135997.383737978
"2068",2068,129091.057260493
"2069",2069,86973.3593541463
"2070",2070,110916.000537777
"2071",2071,91249.840080695
"2072",2072,132651.93763146
"2073",2073,127733.165627701
"2074",2074,176357.00370824
"2075",2075,143877.570653322
"2076",2076,122444.691474419
"2077",2077,149414.828114301
"2078",2078,131248.581413075
"2079",2079,138173.590671567
"2080",2080,115597.462491431
"2081",2081,129748.586742924
"2082",2082,133330.602458236
"2083",2083,141563.53070154
"2084",2084,112115.09296054
"2085",2085,135175.753009964
"2086",2086,117750.230379431
"2087",2087,121160.46593691
"2088",2088,108503.424496913
"2089",2089,87728.1972507414
"2090",2090,126826.288115088
"2091",2091,115326.130410197
"2092",2092,125358.88899453
"2093",2093,131386.579543067
"2094",2094,139486.881243348
"2095",2095,141407.970016855
"2096",2096,88638.2270559207
"2097",2097,97999.5030323317
"2098",2098,136291.25126289
"2099",2099,58939.5909577226
"2100",2100,110332.1312531
"2101",2101,120553.328118962
"2102",2102,147853.10062556
"2103",2103,101301.549982343
"2104",2104,129345.420144889
"2105",2105,124788.64598786
"2106",2106,75950.9879827168
"2107",2107,208449.528992306
"2108",2108,112170.016269371
"2109",2109,113857.225168531
"2110",2110,120070.329674387
"2111",2111,158042.570297568
"2112",2112,139285.499165944
"2113",2113,120997.321916071
"2114",2114,113359.285297003
"2115",2115,148904.615285038
"2116",2116,109809.854428247
"2117",2117,142957.813107491
"2118",2118,118867.193741111
"2119",2119,107179.53438104
"2120",2120,113021.416749387
"2121",2121,92844.953761072
"2122",2122,102721.908483931
"2123",2123,91383.4859822874
"2124",2124,181930.445041625
"2125",2125,128758.02746042
"2126",2126,142465.71962381
"2127",2127,144637.559889525
"2128",2128,126085.794072654
"2129",2129,99173.2273026036
"2130",2130,139486.913703561
"2131",2131,141322.479805749
"2132",2132,115688.140897657
"2133",2133,110543.870431866
"2134",2134,118398.520512956
"2135",2135,97336.5411786986
"2136",2136,92961.3281273379
"2137",2137,118373.032886588
"2138",2138,139370.433418748
"2139",2139,150682.593085246
"2140",2140,136184.235597914
"2141",2141,132346.283139246
"2142",2142,137492.089869802
"2143",2143,142116.056454393
"2144",2144,124179.521556415
"2145",2145,136746.174217217
"2146",2146,149135.454207294
"2147",2147,191555.16969924
"2148",2148,138431.469040159
"2149",2149,134378.536815363
"2150",2150,239602.865754244
"2151",2151,140958.438271372
"2152",2152,147505.241240715
"2153",2153,153305.463446263
"2154",2154,111654.831309893
"2155",2155,123219.572597269
"2156",2156,206334.459315673
"2157",2157,237652.306480659
"2158",2158,228192.833681598
"2159",2159,212536.172710133
"2160",2160,176502.116075869
"2161",2161,253106.329032911
"2162",2162,357221.711856262
"2163",2163,317268.285786902
"2164",2164,245120.68071297
"2165",2165,186294.883711065
"2166",2166,144750.503642874
"2167",2167,205431.055026986
"2168",2168,209802.800856202
"2169",2169,195799.938055073
"2170",2170,217608.712793062
"2171",2171,157055.304820364
"2172",2172,142220.22596923
"2173",2173,174206.803313122
"2174",2174,235000.207052595
"2175",2175,292311.341892471
"2176",2176,312602.601126587
"2177",2177,248634.59223448
"2178",2178,217692.945420167
"2179",2179,145828.248361231
"2180",2180,185268.168323282
"2181",2181,191160.312987247
"2182",2182,228719.914840268
"2183",2183,194971.391804758
"2184",2184,129955.831106505
"2185",2185,116714.524629977
"2186",2186,140186.388833057
"2187",2187,133297.135541009
"2188",2188,146212.697658716
"2189",2189,184677.281890528
"2190",2190,88340.6484696229
"2191",2191,92878.5500545571
"2192",2192,95248.3380165126
"2193",2193,93238.845259161
"2194",2194,98528.8586119121
"2195",2195,111815.635695904
"2196",2196,111370.435747723
"2197",2197,110512.054043717
"2198",2198,154122.43201755
"2199",2199,156499.438852146
"2200",2200,155713.067764521
"2201",2201,151419.966630632
"2202",2202,197357.16940391
"2203",2203,169371.939303696
"2204",2204,188656.21658307
"2205",2205,142893.757225037
"2206",2206,137465.810898543
"2207",2207,224737.134753523
"2208",2208,244055.437176418
"2209",2209,209536.581370069
"2210",2210,126493.874553493
"2211",2211,110329.365259212
"2212",2212,108781.039901152
"2213",2213,103724.033703454
"2214",2214,132600.525192402
"2215",2215,97685.2167330338
"2216",2216,143764.975731229
"2217",2217,68341.4730053871
"2218",2218,91870.6398582302
"2219",2219,71489.3168229685
"2220",2220,73729.6981866339
"2221",2221,310129.7595475
"2222",2222,257264.627065486
"2223",2223,238994.48684219
"2224",2224,212317.117084446
"2225",2225,135442.508590128
"2226",2226,168719.288037646
"2227",2227,204564.840949478
"2228",2228,277986.005195027
"2229",2229,232828.082497819
"2230",2230,164583.464448987
"2231",2231,216498.671310541
"2232",2232,176867.686940417
"2233",2233,172698.919800141
"2234",2234,237569.55457808
"2235",2235,198467.130582644
"2236",2236,269720.552339296
"2237",2237,331075.120289593
"2238",2238,204618.047539044
"2239",2239,116336.04223528
"2240",2240,160865.314272659
"2241",2241,155134.519145429
"2242",2242,130510.018970487
"2243",2243,130430.349414877
"2244",2244,91877.1311584096
"2245",2245,89821.5818263064
"2246",2246,148254.925028447
"2247",2247,96155.2130358136
"2248",2248,125068.385313892
"2249",2249,127157.504530747
"2250",2250,133705.645032443
"2251",2251,126391.656782116
"2252",2252,166210.553347815
"2253",2253,165590.599065439
"2254",2254,177765.717577973
"2255",2255,197336.926023891
"2256",2256,181351.116520024
"2257",2257,197636.919520634
"2258",2258,172753.083789653
"2259",2259,179217.843907231
"2260",2260,152339.109330914
"2261",2261,193826.358310187
"2262",2262,208907.484608302
"2263",2263,324892.6843151
"2264",2264,419361.975300251
"2265",2265,173496.033221472
"2266",2266,277563.100715534
"2267",2267,341998.631826585
"2268",2268,368451.677595441
"2269",2269,166980.915851512
"2270",2270,175763.268386583
"2271",2271,214714.550557667
"2272",2272,200726.365254014
"2273",2273,167342.181933857
"2274",2274,176239.245843462
"2275",2275,167368.259546649
"2276",2276,162035.44748481
"2277",2277,204797.016534256
"2278",2278,153673.399441482
"2279",2279,125312.126512285
"2280",2280,119373.56276983
"2281",2281,161247.506067726
"2282",2282,170429.262115325
"2283",2283,95920.9708063384
"2284",2284,110540.33840976
"2285",2285,152998.07090572
"2286",2286,128857.840172957
"2287",2287,343346.150427556
"2288",2288,275436.491383517
"2289",2289,370676.65864787
"2290",2290,423964.751150118
"2291",2291,316617.357626254
"2292",2292,404453.18257392
"2293",2293,466647.323821064
"2294",2294,398148.891015339
"2295",2295,442076.119992152
"2296",2296,278286.266908182
"2297",2297,311478.647153649
"2298",2298,331123.356898777
"2299",2299,377181.161595653
"2300",2300,324781.370211056
"2301",2301,287757.919381517
"2302",2302,244744.510881273
"2303",2303,247048.164568702
"2304",2304,256201.555066432
"2305",2305,187583.351534659
"2306",2306,188950.461378983
"2307",2307,188359.332481624
"2308",2308,219868.818809725
"2309",2309,277049.984117047
"2310",2310,225469.450032628
"2311",2311,194368.451287758
"2312",2312,174241.995755842
"2313",2313,174384.763904271
"2314",2314,174689.307145465
"2315",2315,173181.982861774
"2316",2316,187790.358602637
"2317",2317,177559.433357765
"2318",2318,174031.42096991
"2319",2319,175227.832606534
"2320",2320,175840.420004534
"2321",2321,239310.342412142
"2322",2322,168542.009271997
"2323",2323,179284.358787592
"2324",2324,171034.315083274
"2325",2325,220153.806140743
"2326",2326,167732.157480869
"2327",2327,213609.567576173
"2328",2328,217543.902752964
"2329",2329,185749.462603249
"2330",2330,177542.431562595
"2331",2331,346012.498164801
"2332",2332,400333.270713666
"2333",2333,312125.290350682
"2334",2334,267179.905583993
"2335",2335,260726.525747473
"2336",2336,327952.022509084
"2337",2337,206102.756223517
"2338",2338,269852.622918941
"2339",2339,236825.941206461
"2340",2340,339025.459523923
"2341",2341,227529.353796479
"2342",2342,238347.307601552
"2343",2343,230095.712822455
"2344",2344,243738.652612839
"2345",2345,241824.78764511
"2346",2346,211182.124235028
"2347",2347,200117.054062761
"2348",2348,226675.593767189
"2349",2349,172145.385119792
"2350",2350,274355.391531131
"2351",2351,261049.580345206
"2352",2352,237976.958056531
"2353",2353,206973.31448354
"2354",2354,122216.385660803
"2355",2355,157934.344865813
"2356",2356,153144.545604397
"2357",2357,195947.870077669
"2358",2358,190556.414285097
"2359",2359,135674.774069165
"2360",2360,124800.054958497
"2361",2361,135234.065733681
"2362",2362,254656.148798733
"2363",2363,140334.110445322
"2364",2364,149353.942175958
"2365",2365,216556.320181628
"2366",2366,193436.094106215
"2367",2367,228359.247255746
"2368",2368,205492.148360274
"2369",2369,226678.830164999
"2370",2370,175763.101691473
"2371",2371,174081.528352702
"2372",2372,183410.680281002
"2373",2373,264635.874616284
"2374",2374,282179.132189815
"2375",2375,244822.380142425
"2376",2376,268437.390184931
"2377",2377,324067.137074444
"2378",2378,151495.1807764
"2379",2379,214035.262806748
"2380",2380,149667.894942737
"2381",2381,164110.9936403
"2382",2382,174896.595303048
"2383",2383,198895.800264587
"2384",2384,224586.000092639
"2385",2385,155535.230246918
"2386",2386,143820.614071875
"2387",2387,138903.828914719
"2388",2388,104729.716816292
"2389",2389,126733.368587334
"2390",2390,145313.554285736
"2391",2391,135819.632813145
"2392",2392,116653.468779771
"2393",2393,162831.348908278
"2394",2394,143261.208982954
"2395",2395,178164.179147441
"2396",2396,149394.587187479
"2397",2397,174310.577071582
"2398",2398,127347.947615098
"2399",2399,65618.3246338764
"2400",2400,61862.883107497
"2401",2401,117073.554301339
"2402",2402,136608.75368853
"2403",2403,130195.150060268
"2404",2404,155266.821851679
"2405",2405,161729.576865826
"2406",2406,135902.547811251
"2407",2407,131314.470048981
"2408",2408,139235.187299478
"2409",2409,133351.272933014
"2410",2410,157117.966766393
"2411",2411,119630.234633131
"2412",2412,158142.222516292
"2413",2413,143380.180994316
"2414",2414,138569.788980076
"2415",2415,127971.072852468
"2416",2416,129945.483425107
"2417",2417,125791.370091416
"2418",2418,124652.092598886
"2419",2419,133680.156832493
"2420",2420,125148.830199147
"2421",2421,149059.091496053
"2422",2422,110677.108968452
"2423",2423,123420.838123225
"2424",2424,143064.661786919
"2425",2425,151850.087095103
"2426",2426,122531.13489055
"2427",2427,131882.077808345
"2428",2428,170303.865131897
"2429",2429,118324.966037082
"2430",2430,124696.096198928
"2431",2431,122852.861752153
"2432",2432,136147.202666603
"2433",2433,146717.612328927
"2434",2434,148297.356238698
"2435",2435,152587.01920517
"2436",2436,105975.492485556
"2437",2437,119764.751215192
"2438",2438,126390.431113658
"2439",2439,107643.74633291
"2440",2440,120617.702340325
"2441",2441,101457.434843999
"2442",2442,103532.911310797
"2443",2443,112249.008197827
"2444",2444,121990.573390965
"2445",2445,97285.0757809613
"2446",2446,127755.047386007
"2447",2447,192247.796110211
"2448",2448,135780.333291415
"2449",2449,114552.149126111
"2450",2450,141030.552547835
"2451",2451,127943.292398106
"2452",2452,202687.191654355
"2453",2453,95026.5309855731
"2454",2454,128974.993934328
"2455",2455,106805.784301024
"2456",2456,136434.835721298
"2457",2457,121186.060252212
"2458",2458,113758.900524171
"2459",2459,110959.211868505
"2460",2460,129774.689323964
"2461",2461,119199.507657113
"2462",2462,132974.995331603
"2463",2463,120810.786796346
"2464",2464,139163.604382555
"2465",2465,132137.968403259
"2466",2466,116566.204133389
"2467",2467,154415.599816724
"2468",2468,93238.4753017334
"2469",2469,95209.7651477841
"2470",2470,166335.972434966
"2471",2471,186380.704676671
"2472",2472,150746.037474156
"2473",2473,117021.662936479
"2474",2474,103577.68167569
"2475",2475,199266.079467779
"2476",2476,131180.31214014
"2477",2477,130367.742929966
"2478",2478,157152.279548193
"2479",2479,114528.183121056
"2480",2480,137185.405090331
"2481",2481,119850.638130424
"2482",2482,135224.338410903
"2483",2483,118200.385140502
"2484",2484,126937.731834244
"2485",2485,124021.081895308
"2486",2486,156646.013950078
"2487",2487,170053.800109829
"2488",2488,158520.222709301
"2489",2489,150893.782760358
"2490",2490,151597.579200416
"2491",2491,98812.6560278282
"2492",2492,181992.663944404
"2493",2493,144091.441009864
"2494",2494,155086.318744547
"2495",2495,105261.615931015
"2496",2496,204401.443891021
"2497",2497,141648.533265737
"2498",2498,115095.024891544
"2499",2499,89598.0212107059
"2500",2500,126289.983734282
"2501",2501,129980.663769492
"2502",2502,138048.685457191
"2503",2503,108703.928894621
"2504",2504,160223.68672149
"2505",2505,220916.780548157
"2506",2506,254121.419431926
"2507",2507,267872.228659496
"2508",2508,253883.275411558
"2509",2509,218660.291687946
"2510",2510,224410.136216516
"2511",2511,188066.211292518
"2512",2512,212323.328439472
"2513",2513,218179.974135714
"2514",2514,217510.346665459
"2515",2515,147697.647946102
"2516",2516,168524.133837212
"2517",2517,135806.561025841
"2518",2518,142161.498672332
"2519",2519,225925.415389054
"2520",2520,207241.434833536
"2521",2521,192912.252519553
"2522",2522,219708.285359137
"2523",2523,129534.93437906
"2524",2524,141256.156701306
"2525",2525,143680.98719966
"2526",2526,142670.879636746
"2527",2527,116483.044305996
"2528",2528,125901.32192387
"2529",2529,134589.340828836
"2530",2530,119844.133717576
"2531",2531,234396.635974713
"2532",2532,228695.136680813
"2533",2533,198065.056781652
"2534",2534,231852.250038924
"2535",2535,273875.654436795
"2536",2536,225949.301046871
"2537",2537,214190.363027179
"2538",2538,184027.431296235
"2539",2539,191183.515823171
"2540",2540,170906.719951099
"2541",2541,182315.10069605
"2542",2542,169542.744135732
"2543",2543,122137.794919023
"2544",2544,124061.891132933
"2545",2545,131294.032839581
"2546",2546,136363.287254696
"2547",2547,126288.884416591
"2548",2548,139816.56890257
"2549",2549,148914.772935231
"2550",2550,270651.399338914
"2551",2551,140849.478267816
"2552",2552,117946.486817457
"2553",2553,86445.7906731692
"2554",2554,113698.793446154
"2555",2555,100046.176283424
"2556",2556,103455.875952156
"2557",2557,112887.028180808
"2558",2558,154627.361072634
"2559",2559,151527.386470093
"2560",2560,150829.403614472
"2561",2561,155711.827003315
"2562",2562,159908.144675975
"2563",2563,165043.711688827
"2564",2564,175773.65051057
"2565",2565,139189.445833635
"2566",2566,165479.961202895
"2567",2567,151705.930763151
"2568",2568,186713.985325355
"2569",2569,188416.462081559
"2570",2570,126901.853543923
"2571",2571,180496.78900238
"2572",2572,172511.545260913
"2573",2573,229959.313395331
"2574",2574,278632.355545905
"2575",2575,122273.948749109
"2576",2576,123029.256681126
"2577",2577,144584.902736969
"2578",2578,98928.2541733961
"2579",2579,72923.7327512418
"2580",2580,119984.315208904
"2581",2581,122781.83632328
"2582",2582,106454.330517463
"2583",2583,273218.793270466
"2584",2584,162706.553405954
"2585",2585,174418.325661697
"2586",2586,192842.580547868
"2587",2587,191707.586356689
"2588",2588,163330.159454903
"2589",2589,144428.004609675
"2590",2590,224081.8945541
"2591",2591,192467.607874659
"2592",2592,227116.070964878
"2593",2593,247480.739994792
"2594",2594,184276.579420309
"2595",2595,206066.9170199
"2596",2596,313966.443452089
"2597",2597,180639.259133205
"2598",2598,264871.325132992
"2599",2599,302062.817400498
"2600",2600,142735.095567119
"2601",2601,126048.393360614
"2602",2602,85478.2240018665
"2603",2603,89481.7523043893
"2604",2604,86448.9281662178
"2605",2605,84309.4402821305
"2606",2606,145459.621236703
"2607",2607,169679.327249473
"2608",2608,183301.306899554
"2609",2609,162012.708526461
"2610",2610,113603.442883699
"2611",2611,148933.922816861
"2612",2612,153606.946730071
"2613",2613,126621.404242891
"2614",2614,126520.853103465
"2615",2615,150207.740200679
"2616",2616,134289.86909157
"2617",2617,160068.427048654
"2618",2618,165757.373215981
"2619",2619,211757.685709387
"2620",2620,186733.435870583
"2621",2621,183525.551599228
"2622",2622,187426.538112532
"2623",2623,235997.558416337
"2624",2624,266003.369007107
"2625",2625,297682.776055673
"2626",2626,169266.195807664
"2627",2627,180490.206018248
"2628",2628,409620.679656894
"2629",2629,474378.164171239
"2630",2630,336469.613926211
"2631",2631,435753.935727793
"2632",2632,391308.985615868
"2633",2633,299057.377651475
"2634",2634,381313.906149267
"2635",2635,157526.997580009
"2636",2636,190471.071298268
"2637",2637,163458.097285126
"2638",2638,254645.595980172
"2639",2639,186323.18706539
"2640",2640,156363.306746461
"2641",2641,107034.031371164
"2642",2642,172164.481478016
"2643",2643,95966.7420248254
"2644",2644,127656.755401263
"2645",2645,96625.5333221349
"2646",2646,92145.5211345258
"2647",2647,94604.9798020105
"2648",2648,138989.49281396
"2649",2649,148577.422689023
"2650",2650,152385.463151722
"2651",2651,148473.855254413
"2652",2652,425501.612792288
"2653",2653,263117.237941311
"2654",2654,254453.344716242
"2655",2655,367950.174127485
"2656",2656,323782.743501491
"2657",2657,312934.021436162
"2658",2658,276990.322457475
"2659",2659,298216.163184638
"2660",2660,313461.772839574
"2661",2661,341586.665442092
"2662",2662,349866.984017699
"2663",2663,285739.781460036
"2664",2664,273533.138911671
"2665",2665,318321.724214637
"2666",2666,276464.091079117
"2667",2667,171264.325108927
"2668",2668,178617.181585595
"2669",2669,171979.45182555
"2670",2670,265590.034160665
"2671",2671,179322.199417643
"2672",2672,180334.690066281
"2673",2673,204605.08831947
"2674",2674,204089.411832163
"2675",2675,172171.155418115
"2676",2676,186896.780311062
"2677",2677,203223.451806983
"2678",2678,247629.002172464
"2679",2679,284751.475047479
"2680",2680,274481.502175174
"2681",2681,410386.968330635
"2682",2682,326724.592016774
"2683",2683,495489.647737833
"2684",2684,303753.935915499
"2685",2685,344509.299245072
"2686",2686,262928.882988968
"2687",2687,297942.511115005
"2688",2688,226918.986351109
"2689",2689,205597.363542427
"2690",2690,401278.96483793
"2691",2691,191567.684197367
"2692",2692,133216.392620405
"2693",2693,187130.235223109
"2694",2694,126036.038939777
"2695",2695,191783.281503279
"2696",2696,188433.669957547
"2697",2697,184203.796486444
"2698",2698,195015.468236594
"2699",2699,175276.790766724
"2700",2700,162196.239098597
"2701",2701,158330.336508703
"2702",2702,116159.197014962
"2703",2703,128891.892667144
"2704",2704,142428.648742319
"2705",2705,124270.553407044
"2706",2706,122497.162047014
"2707",2707,127687.928566165
"2708",2708,131882.533985952
"2709",2709,111500.943236038
"2710",2710,122352.560772455
"2711",2711,271912.761984548
"2712",2712,366197.934683965
"2713",2713,182258.395483791
"2714",2714,149220.689212245
"2715",2715,172702.11361152
"2716",2716,164479.279433783
"2717",2717,186672.129953409
"2718",2718,240353.034241065
"2719",2719,162594.169147149
"2720",2720,158730.450609586
"2721",2721,142630.785817419
"2722",2722,161758.250689662
"2723",2723,143145.351396002
"2724",2724,130928.574642475
"2725",2725,136377.433246829
"2726",2726,149982.779070234
"2727",2727,160647.460138105
"2728",2728,162282.005257892
"2729",2729,155777.602238773
"2730",2730,144956.192112593
"2731",2731,121417.431277182
"2732",2732,117856.732949127
"2733",2733,157590.831475327
"2734",2734,143801.295568832
"2735",2735,136340.754842503
"2736",2736,144941.328377129
"2737",2737,123977.128645621
"2738",2738,130451.019382499
"2739",2739,160866.031367097
"2740",2740,127147.575367399
"2741",2741,150743.928608598
"2742",2742,153506.789573869
"2743",2743,151976.266672284
"2744",2744,145300.973103051
"2745",2745,138923.645835966
"2746",2746,134726.578172337
"2747",2747,143603.415049494
"2748",2748,131702.150673298
"2749",2749,131913.846235873
"2750",2750,131450.917604381
"2751",2751,126055.084091546
"2752",2752,210476.188318381
"2753",2753,152135.196501564
"2754",2754,171131.091776863
"2755",2755,126201.464892572
"2756",2756,83523.4796195032
"2757",2757,88691.3362464988
"2758",2758,84221.61974883
"2759",2759,143071.990339771
"2760",2760,124956.852478037
"2761",2761,146771.495740791
"2762",2762,146121.266970682
"2763",2763,168710.307052952
"2764",2764,165977.797321265
"2765",2765,235433.844389837
"2766",2766,139532.63201078
"2767",2767,91796.619005398
"2768",2768,131683.657938539
"2769",2769,130621.415951083
"2770",2770,157111.897552634
"2771",2771,118397.02107971
"2772",2772,123564.64326397
"2773",2773,138831.523981906
"2774",2774,134909.435026031
"2775",2775,122326.253974002
"2776",2776,133485.791086254
"2777",2777,149692.941480282
"2778",2778,134407.235719102
"2779",2779,125184.614832764
"2780",2780,101581.742234802
"2781",2781,101878.872947206
"2782",2782,95453.2117117515
"2783",2783,108192.687448346
"2784",2784,120902.342610648
"2785",2785,131916.927378618
"2786",2786,72207.4981287948
"2787",2787,112989.98720499
"2788",2788,83064.9978621198
"2789",2789,195382.192118599
"2790",2790,95913.9261729568
"2791",2791,113454.138633984
"2792",2792,70849.7229454661
"2793",2793,153314.806877911
"2794",2794,103329.676495594
"2795",2795,119050.250773276
"2796",2796,100907.131393894
"2797",2797,160752.968481357
"2798",2798,112903.220564473
"2799",2799,120039.171193003
"2800",2800,77702.937276701
"2801",2801,107506.437483499
"2802",2802,134422.415129265
"2803",2803,137610.137945849
"2804",2804,136893.744856753
"2805",2805,91082.4939641727
"2806",2806,96795.4714681343
"2807",2807,153455.602404798
"2808",2808,145053.273063161
"2809",2809,133922.724494966
"2810",2810,138120.937247388
"2811",2811,153466.728769444
"2812",2812,144883.496244918
"2813",2813,141903.391655822
"2814",2814,154397.988720072
"2815",2815,101794.764435169
"2816",2816,246124.098398163
"2817",2817,141867.948037366
"2818",2818,132283.987001062
"2819",2819,173223.3732302
"2820",2820,135810.803159751
"2821",2821,105049.603095365
"2822",2822,165981.132401003
"2823",2823,208237.68226311
"2824",2824,164397.652909839
"2825",2825,145002.36705216
"2826",2826,127868.725657668
"2827",2827,130621.534163213
"2828",2828,201291.934534529
"2829",2829,155598.987945547
"2830",2830,228893.366370202
"2831",2831,190186.00520739
"2832",2832,214399.457519923
"2833",2833,282557.092971045
"2834",2834,216011.041260383
"2835",2835,216859.283644446
"2836",2836,192730.058256174
"2837",2837,178015.25965846
"2838",2838,145142.533799273
"2839",2839,180153.809956991
"2840",2840,193240.701582488
"2841",2841,203586.538061493
"2842",2842,218901.285814487
"2843",2843,163442.676096074
"2844",2844,164913.946924713
"2845",2845,124757.499369297
"2846",2846,211977.069362391
"2847",2847,201883.775677871
"2848",2848,204082.235953992
"2849",2849,213283.285943107
"2850",2850,269135.172782212
"2851",2851,224371.630814426
"2852",2852,226127.634933621
"2853",2853,229367.153907644
"2854",2854,139111.056666836
"2855",2855,198365.539484159
"2856",2856,205446.946292301
"2857",2857,189084.264991824
"2858",2858,199406.00840507
"2859",2859,133744.616451036
"2860",2860,124747.260964395
"2861",2861,131219.127131002
"2862",2862,178955.013645618
"2863",2863,120922.732147986
"2864",2864,233625.378417715
"2865",2865,139552.820607221
"2866",2866,134714.718073445
"2867",2867,90275.2479229775
"2868",2868,103026.415656477
"2869",2869,117689.040026319
"2870",2870,143146.691666453
"2871",2871,103462.876965651
"2872",2872,62805.3177764633
"2873",2873,107285.948673033
"2874",2874,137454.194703562
"2875",2875,130664.795626379
"2876",2876,154229.685534222
"2877",2877,137985.510629583
"2878",2878,175894.76147359
"2879",2879,135571.177766008
"2880",2880,118743.527598825
"2881",2881,156973.331373595
"2882",2882,175883.745578119
"2883",2883,178029.349050027
"2884",2884,176730.686092191
"2885",2885,177115.908949278
"2886",2886,230037.525913775
"2887",2887,100430.592833875
"2888",2888,122875.77506415
"2889",2889,61601.5187331308
"2890",2890,82883.4807030705
"2891",2891,132728.316529418
"2892",2892,57132.3809898322
"2893",2893,104864.433434167
"2894",2894,58853.8116811605
"2895",2895,308828.113289052
"2896",2896,288483.071465922
"2897",2897,180417.848891221
"2898",2898,140303.089069294
"2899",2899,211302.382467279
"2900",2900,159296.426851984
"2901",2901,197359.114079511
"2902",2902,182151.482399098
"2903",2903,324421.340160005
"2904",2904,333724.793289338
"2905",2905,124802.544252038
"2906",2906,200375.222452484
"2907",2907,114234.138871039
"2908",2908,129756.76062178
"2909",2909,144118.987489886
"2910",2910,83041.8894180423
"2911",2911,85113.3487178397
"2912",2912,155503.407242162
"2913",2913,87712.3723988941
"2914",2914,83028.1531267362
"2915",2915,84053.1649542553
"2916",2916,86900.4312018026
"2917",2917,156097.822013119
"2918",2918,119376.418285363
"2919",2919,211959.091985492
